Nr,ID,language,sil,area,family,country,adn,sort,lex,otherint,ave,refl,otherrefl,own,sfp,paradigms,comments,repr,addenda
1,0,Abkhaz,ABK,"Europe, Caucasus","North Caucasian, Northwest, Abkhaz-Abasin","Georgia, Ukraine, Turkey",(NP)&nbsp;POSS-xatà,none,'head',%,%,POSS-x&#601;&#768;,-t&#642;&#601;&#768;-,xà-t°&#146;,-g&#146;&#601;,--,POSS-: possessor prefixes (col.II)<br> <i>-t&#642;&#601;&#768;-</i>: verbal reflexivization strategy<br> POSS<i>-x&#601;&#768;</i>: 'POSS-<i>head</i>'<br> <i>xatà</i> probably related to <i>-x&#601;&#768;</i><br> <i>-t°'</i>: ATTR<br> <i>-tà</i>: possibly related to locative suffix <i>-ta</i><br>,&lt;t&#642;&gt;: retroflex apical affricate<br>&lt;t°'&gt;: labialized ejective<br> NB: Some browsers do not display accent grave over schwa!,--
2,0,Albanian,ALN,"Europe, Balkans","Indo-European, Albanian (Tosk)","Albania, Yugoslavia, Italy",vetë&nbsp;NP,none,<i>vetë</i> < PIE <i>sue-ti</i> (REFL-?),(PRO) vetë,vetë,(vet)vetja&nbsp;(NOM),%,vetë&nbsp;PSM&nbsp;PSR,edhé&nbsp;në&nbsp;se,paradigm of reflexives:<br> ACC: <i>(vet)veten</i><br> PREP: <i>(vet)vete</i><br> OBL: <i>(vet)vetes</i><br>,"verbal reflexivization strategy: V + nonactive person endings (medium): <i>-(h)em, -(h)esh, -(h)et</i><br> probably stressed reflexive possessive as competing strategy for: <i>vetë</i> PSM PSR ('own')<br> <i>edhé në se</i>: 'and if that'",&lt;ë&gt;: schwa,--
3,0,Amharic,AMH,Africa,"Afro-Asiatic, Semitic, South","Ethiopia, Israel, Egypt",(NP)&nbsp;ras-POSS(-ART),%,'head',ras-POSS(-ART) (NP/PRO); <i>ras</i>-POSS; stressed PRON-ART; PRO(-ART); <i>g&#601;ll</i>-POSS ('in person'); <i>q&#601;l</i>: variant of <i>g&#601;ll</i>; <i>g&#601;ll</i>-POSS: obligatory reflexive marker in PP,bä-gäzza&nbsp;eðð-POSS,ras-POSS-ACC,%,yä-gäzza,-m,--,"<i>bägäzza eðð</i>-POSS: 'with his own hand/might/power'<br> <i>yä-gäzza</i>: 'that he possessed'<br> <i>yä-ras-</i>: variant of <i>yägäzza</i><br> also possible: <i>yä-gäzza ras-</i><br> <i>y&#601;h rasu</i>: 'this same one, the very same'<br> <i>bä</i>: preposition with a wide range of meanings (e.g. locative, instrumental)<br><i>-m</i>: 'also, even'",--,NULL
4,0,Arabic,ABV,"Africa, Middle East","Afro-Asiatic, Semitic, Central","South Arabia, Egypt, Morocco, Lebanon, Chad, Libya, Sudan, Tajikistan, Iraq, Israel, Algeria, Tunesia, Syria, Nigeria, Jordan, Oman, Palestinian West Bank and Gaza, Qatar, Uzbekistan, Yemen, Cyprus, Cameroon, Kenya, Niger, Afghanistan, Bahrain, Turkey,",(NP)&nbsp;nafs-CASE-POSS,none,"<i>nafs-</i> 'soul', 'spirit'",<i>&#660;ayn</i> in MSA in an adnominal use<br>lexical source of <i>&#660;ayn</i>: 'eye'<br><i>b-ruu&#295;</i>-POSS ('by-REFL-POSS'); <i>ruu&#295;-</i>: 'spirit',bi&nbsp;+&nbsp;nafs-GEN-POSS,nafs-CASE-POSS,%,nafs-CASE-POSS,nafs,intensifiers/reflexives:<br> 1SG: <i>nafs-&#299;</i><br> 2SG.MASC: <i>nafs-u-ka</i><br> 2SG.FEM: <i>nafs-u-ki</i><br> 3SG.MASC: <i>nafs-u-hu</i><br> 3SG.FEM: <i>nafs-u-h&#257;</i><br> 1PL: <i>&#660;anfus-u-n&#257;</i><br> 2PL.MASC: <i>anfus-u-kum</i><br> 2PL.FEM: <i>anfus-u-kunna</i><br> 3PL.MASC: <i>anfus-u-hum</i><br> 3PL.FEM: <i>anfus-u-hunna</i><br>,<i>bi</i>: instrumental marker (requires genitive complement)<br>,&lt;&#295;&gt;: voiceless pharyngeal fricative,--
5,0,Armenian,ARM,Asia,"Indo-European, Armenian","Armenia, Iran, Azerbaijan, Turkey, Syria, Egypt, Lebanon, USA, France, Iraq",NP&nbsp;+&nbsp;ink&#146;-DEF,%,unknown; see comments,<i>ink'</i>-POSS; <i>anj-amb</i>: 'personally'; <i>ink'&#601;</i> also used inclusively in the sense of 'too',ink&#146;-POSS,(ink&#146;-DEF-)ir-CASE,%,sep&#146;akan,nuynisk,--,"<i>-s</i>, <i>-d</i>: possessive suffixes for 1st and 2nd person<br> REFL/INT probably derived from the personal pronoun<br> DEF: <i>&#601;</i>, except before vowels: then <i>n</i><br> the reason why the reflexive marker optionally combines two different stems of INT/REFL is unclear",&lt;k&#146;&gt;: voiceless velar ejective<br>,--
6,0,Bagvalal,KVA,"Europe, Caucasus","North Caucasian, Northeast",Dagestan,e-w-da,%,"<i>e-w</i>: possibly < logophoric pronoun, <i>da</i>: emphatic particle",<i>e-wa-da</i> also used inclusively;<i>e-wa-da</i> can be used in anti-comitative contexts ('alone'),in-šur-da,e-w-da,%,%,%,--,<i>in-šur-da</i> is the ergative of <i>e-w-da</i><br><i>e-w-da</i>: PRON.CASE.NUMBER-GENDER-EMPH<br> <i>e-wa</i> alone is a logophoric pronoun<br> <i>-da</i> is an emphatic particle<br> <i>in-</i>: oblique masculine ew-stem<br> <i>-šu-</i>: masculine oblique case<br> <i>-r-</i>: gender marker possessum,--,--
7,0,Basque,BSQ,Europe,Language isolate,"Spain, France",3SG:&nbsp;bera-CASE,%,deictic pronominal/unknown,for 1st and 2nd person: 1/2SG: PRON.1/2SG-eu-CASE,"1/2-eu-ERG,&nbsp;bera-k",buru-CASE,%,INT-GEN&nbsp;buru-GEN,"baita,&nbsp;ere",<i>n-</i>: PRON.1SG<br> <i>z-</i>: PRON.2SG.FRML<br> <i>h-</i>: PRON.2SG.INFRML<br> <i>g-</i>: PRON.1PL<br> <i>z-…-ek</i>: PRON.2PL<br> <i>berak</i>: PRON.3PL,"<i>buru</i>: 'head'<br> (<i>bere</i>: <i>be</i>: PRON, <i>re</i>: GEN)<br> RECIP: <i>elkar</i>: each other (case marked)<br> <i>-k</i>: ERG<br> probably there is a 2nd AVE strategy with ERG reflexive",--,--
8,0,Bengali,BNG,"South Asia, India","Indo-European, Indo-Iranian, Indo-Aryan","Bangladesh, India, United Arab Emirates, Saudi Arabia, Singapore",NP/PRO&nbsp;nije-CASE,human,%,%,nije-CASE&nbsp;(nije-CASE),nije-CASE,%,nije-GEN,%,paradigm of <i>nije</i>:<br> NOM.SG: <i>nije-&#216;</i><br> ACC.SG: <i>nije-ke</i><br> DAT.SG: <i>nije-ke</i><br> GEN.SG: <i>nije-r</i><br> NOM.PL: <i>nije-&#216;</i><br> ACC.PL: <i>nije-der</i><br> DAT.PL: <i>nije-der</i><br> GEN.PL: <i>nije-der</i><br>,"intensified NPs are always subjects, though not necessarily in the nominative case (for dative subjects, cf. ex. 51)<br> AVE: <i>nije</i>-CASE may be reduplicated (cf. ex. 52)<br> <i>nije-r</i> ('own') precedes its head NP; alternative expression for <i>nijer</i> : <i>apan</i>, which is restricted to human possessors<br>",--,--
9,0,Bulgarian,BLG,"Europe, Balkans","Indo-European, Slavic, South","Bulgaria, Romania, Ukraine, Greece, Turkey, Moldavia",sam-CASE(-ART)&nbsp;NP,none,PIE <i>*sem</i> 'one' (?),"<i>li&#269;no</i> 'personally', cf. <i>lice</i> 'face'",sam-NOM,sebe&nbsp;si&nbsp;(ACC/DAT),%,sobstven,daže,--,"<i>sam</i>: also 'alone'; cf. <i>samo</i> 'only'<br> in PPs, 1st and 2nd person non-refl. pronouns occur in reflexive function in spoken Bulgarian<br> refl. clitics:&nbsp;se&nbsp;(ACC),&nbsp;si&nbsp;(DAT)",&lt;c&gt;: voiceless alveolar affricate;,Michael Riessler
10,0,Cantonese,YUH,Southeast Asia/Oceania,"Sino-Tibetan, Chinese","China, Singapore, Macau, Malaysia, Vietnam, Indonesia, Thailand, USA, Netherlands",(NP/PRO)&nbsp;jihgéi,%,%,%,jihgéi,jihgéi,%,(PRO+)jihgéi&nbsp;ge,unknown,--,<i>ge</i>: linking particle/attributive marker,--,--
11,0,Catalan,CLN,Europe,"Indo-European, Italic, Romance, Italo Western","Spain, France, Andorra, USA, Italy, Argentina, Brazil, Cuba, Mexico, Uruguay, Chile, Colombia, Dominican Republic",NP/PRO&nbsp;mateix,unknown,Lat. 'PRO-<i>met</i> <i>ipse</i>-SUPERLATIVE',%,PRO-mateix,si;&nbsp;es&nbsp;(clitic),%,propi,fins,--,"<i>mateix</i> can precede or follow the NP. When it precedes the NP, it has the meaning 'the same'.<br> Reflexivity is expressed by means of clitic (<i>es</i>) or non-clitic (<i>si</i>) pronouns<br> <i>es</i> is only used for third person and when the reflexive is a direct or indirect object<br> regular object pronouns are used with first and second person. In PPs <i>si(+mateix)</i> alternates with PRON<i>-mateix</i>",--,--
12,0,Chalcatongo Mixtec,VMN,"America, Mesoamerica","Oto-Manguean, Mixtecan, Mixtec-Cuicatec",Mexico,máá-POSS&nbsp;(NP),animate,"<i>má&#660;á</i> ('very', 'exact')",%,má&#660;&#649;&#771;&#833;&#649;&#771;&#833;,máá-POSS,%,máá-POSS,%,paradigm of <i>máá-</i>:<br> <table> <tr><td>1SG.FAM:</td><td>máá-rí</td></tr> <tr><td>1SG.POL:</td><td>máá-na</td></tr> <tr><td>2SG.FAM:</td><td>máá-ro</td></tr> <tr><td>2SG.POL:</td><td>máá-ní</td></tr> <tr><td>3SG.UNMARKED</td><td>máá-&#248;</td></tr> <tr><td>3SG.MASC</td><td>máá-&#240;e</td></tr> <tr><td>3SG.FEM</td><td>máá-&#241;a</td></tr> <tr><td>3SG.ANIMAL</td><td>máá-t&#649;</td></tr> <tr><td>1PL.INCL</td><td>máá-&#382;ó</td></tr> </table> there are no special plural forms for the second and third person,<i>máá</i>-POSS varies according to person and number (the relevant clitic is used),"&lt;&#649;&gt;: central high vowel; in most of the original references, &lt;&#616&gt; is used for this vowel",--
13,0,Classical Nahuatl,NCI,"America, Mesomerica","Uto-Aztecan, Southern Uto-Aztecan, Aztecan","Central Mexico, Tenochtitlán, Aztec Empire",(PRO/NP)&nbsp;POSS-no&#660;ma&#660;,unknown,possibly 'my-hand',<i>wel</i> PRO (only high rank reading)<br><i>-ne&#660;wia:n</i><br><i>-ixkoiya:n</i>,POSS-no&#660;ma&#660;,verbal&nbsp;prefix&nbsp;(cf.&nbsp;paradigms),%,POSS-no&#660;ma&#660;,%,intensifier: <table> <tr><td>1SG:</td><td>no-no&#660;ma&#660;</td></tr> <tr><td>2SG:</td><td>mo-no&#660;ma&#660;</td></tr> <tr><td>3SG:</td><td>i-no&#660;ma&#660;</td></tr> <tr><td>1PL:</td><td>to-no&#660;ma&#660;</td></tr> <tr><td>2PL:</td><td>amo-no&#660;ma&#660;</td></tr> <tr><td>3PL:</td><td>in-no&#660;ma&#660;</td></tr> </table> <br> reflexive:<br> <table> <tr><td>1SG:</td><td>no-</td></tr> <tr><td>2SG:</td><td>mo-</td></tr> <tr><td>3SG:</td><td>mo-</td></tr> <tr><td>1PL:</td><td>to-</td></tr> <tr><td>2PL:</td><td>mo-</td></tr> <tr><td>3PL:</td><td>mo-</td></tr> </table> there is also an impersonal reflexive: <i>ne-</i> (invariant),--,--,--
14,0,Copainala Zoque,ZOC,"America, Mesoamerica","Mixe-Zoque, Zoque, Chiapas-Zoque",Mexico,POSS-ne&#660;k&#616;,human,"<i>ne&#660;</i>: 'own', <i>k&#616;</i>: pronominal stem",%,"POSS-ne&#660;k&#616;&nbsp;(in&nbsp;preverbal/focal&nbsp;position),&nbsp;&nbsp;naytyumý&#616;(alone)",POSS-win,%,POSS-ne&#660;,asta&nbsp;(&lt;&nbsp;Spanish&nbsp;hasta),--,"<i>-win</i>: body;<br> <i>-ne&#660;k&#616;</i>: pronoun, may not be adjoined to NPs (*<i>Juan ñe'k&#616;</i>)<br> <i>naytyum&#616;</i>: &lt; <i>nay-tum&#616;</i> 'RECP-one')<br> <i>-ne&#660;-k&#616;</i>: ~ 'that of his own'<br>",&lt;Y-&gt;: palatalization; indicates 3rd person possessor or ergative cross-referencing<br> &lt;N-&gt;: nasalization; indicates 1st/2nd person possessor or ergative cross-reference,--
15,0,Danish,DNS,Europe,"Indo-European, Germanic, North","Denmark, Greenland, Norway, USA, Germany, Canada",NP/PRO&nbsp;selv,none,unknown,%,selv,sig&nbsp;(selv),%,egen,selv,--,"<i>mig, dig (os, jer)</i>: 1st/2nd person (plural) in reflexive contexts identical to normal pronouns",--,--
16,0,Dutch,DUT,Europe,"Indo-European, Germanic, West","Netherlands, France, Germany, Canada, Belgium, USA, Australia, Israel",NP/PRO&nbsp;zelf,none,unknown,%,zelf,zich(zelf),%,eigen,zelf,accusative forms of pronouns:<br> <table> <tr><td>person</td><td>full form</td><td>reduced form</td></tr> <tr><td>1SG:</td><td><i>mij</i></td><td><i>me</i></td></tr> <tr><td>2SG:</td><td><i>jou</i></td><td><i>je</i></td></tr> <tr><td>3SG.MASC:</td><td><i>hem</i></td><td>--</td></tr> <tr><td>3SG.FEM:</td><td><i>haar</i></td><td>--</td></tr> <tr><td>3SG.NEUT</td><td><i>het</i></td><td><i>'t</i></td></tr> <tr><td>1PL:</td><td><i>ons</i></td><td>--</td></tr> <tr><td>2PL:</td><td><i>jullie</i></td><td>--</td></tr> <tr><td>3PL:</td><td><i>hen</i></td><td>--</td></tr> </table>,"<i>zich</i>: reflexive marker with typically self-directed verbs (<i>wassen</i> 'wash', <i>scheren</i> 'shave')<br> under certain circumstances, <i>zich</i> can be bound by a non-c-commmanding antecedent (cf. example 547)<br> <i>zichzelf</i>: reflexive marker with typically other-directed verbs (<i>haten</i> 'hate', <i>kritiseren</i> 'critizise')<br> 1st/2nd person (plural) in reflexive contexts identical to normal pronouns",--,--
17,0,English,ENG,"Europe, North America, Australia/New Guinuea","Indo-European, Germanic, West","United Kingdom, Ireland, USA, Canada, Australia, New Zealand",NP&nbsp;PRO-self,none,unknown,"<i>personally</i> (adnominal); <i>alone</i>, <i>by x-self</i> (adverbial exclusive)",PRON-self,PRON-self,%,own,even,NULL,adn: 1/2:&nbsp;PRO&nbsp;POSSPRO-self<br>&nbsp;3:&nbsp;NP&nbsp;PRON(OBJ)-self,NULL,NULL
18,0,Finnish,FIN,"Europe, Baltic Sea","Uralic, Finno-Ugric, Balto-Finnic","Finland, Norway, Sweden, Estonia, USA, Canada",NP/PRO&nbsp;itse-CASE,none,unknown,%,itse,itse-CASE-POSS,V-UtU-&nbsp;(verbal),oma-NUM-CASE,"itse,&nbsp;jopa",NULL,"<i>itse</i> can be used with inanimate NPs and object NPs: AVE is zero-marked for nominative, just like the citation form of ADN: <i>U</i>: exact vowel depends on vowel harmony",NULL,Michael Riessler
19,0,French,FRN,Europe,"Indo-European, Italic, Romance","France, Canada, USA, Israel, Belgium, Switzerland, Italy, Haiti, French Guiana, Monaco",(NP)&nbsp;PRO-même,none,unknown,<i>en personne</i> (adnominal) ('personally'),PRO-même,se&nbsp;(clitic)&nbsp;[soi],%,POSS.PRO&nbsp;propre,même,--,"animate NPs take PRO <i>même</i><br> inanimate NPs may as well take only <i>même</i><br> pronominal arguments take only <i>même</i><br> PRO: non-clitic pronouns (<i>moi, toi, lui, elle, nous, vous, eux, elles</i>) <br><i>soi</i>: non-clitic reflexive, only in impersonal constructions <br>reflexive <i>se</i> is not used in PPs; simple non-clitic pronouns are used instead (therefore arguably (partial) identity of AVE and REFL?)",--,--
21,0,Irish Gaelic,GLI,Europe,"Indo-European, Celtic, Insular Gaelic","Ireland, Northern Ireland, USA",NP/PRO&nbsp;féin,none,%,%,(PRO)-féin,(PRO)-féin,%,féin,hene,--,"<i>féin</i> can be doubled<br> <i>féin</i> adjoins to nominals; it may also be attached directly to independent pronouns or conjugated pronominal forms (<i>sinn féin</i>: we ourselves) <br><i>fhéin</i>: variant of <i>féin</i><br> pronouns inflect for person, gender, number<br> pronoun is obligatory unless nominal is inanimate (?)",--,--
22,0,German,GER,Europe,"Indo-European, Germanic, West","Germany, Austria, Liechtenstein, Belgium, Russia, Kazakhstan, Kyrghyzstan, Romania, Hungary, Czech Republic, Poland, Slovenia, Brazil, Argentina, Uruguay, Chile, South Africa, Ecuador, Australia, USA",NP/PRO&nbsp;selbst,none,unknown,"<i>selber</i> (free variant of <i>selbst</i>)<br> <i>(höchst)persönlich</i> (restricted to humans with a high social rank), <i>leibhaftig</i>, <i>höchstselbst</i><br> <i>allein</i> (anti-comitative); <i>von selbst/von allein</i> (anti-causative, anti-initiative)","selbst,&nbsp;allein",sich,%,eigen,"selbst,&nbsp;sogar",--,--,--,--
23,0,Greek,GRK,"Europe, Balkans","Indo-European, Greek, Attic","Greece, Cyprus, Germany, Poland, Italy, Albania, Sweden, Turkey, Armenia, Australia, Egypt, USA, Russia, Canada, Georgia, Kazakhstan, Paraguay, Ukraine, South Africa, Austria, Malawi, United Kingdom, Congo, Bulgaria, Sierra Leona",PRO/NP&nbsp;ART&nbsp;ídhi-,none,'own',%,ART&nbsp;ídhios/ídhia/idhió,ART&nbsp;eaftó.CASE&nbsp;PRO.GEN,(afto-)&nbsp;MIDDLE,dhikó&nbsp;(ADJ),ké,adn: ídhios/ídhia/idhió,"articles and adjectives inflects for gender, number, case<br> REFL: 3 strategies <ul> <li>1. nominal: <i>o eaftó mu</i>: citation form (NOM, MASC); <i>eaftó</i> is inherently MASC; Modern Greek has no proper possessive pronouns; genitive forms of personal pronouns are used.</li> <li>2. middle voice verb forms</li> <li>3. lexical derivation: prefix: <i>afto-</i> plus (2); (2) alone is ambiguous (weak strategy) </li> </ul>",&lt;dh&gt;: voiced dental fricative,--
24,0,Gujarati,GJR,"South Asia, India","Indo-European, Indo-Iranian, Indo-Aryan","India, United kingdom, Fijii, Zimbabwe, Zambia, Uganda, Malawi, Kenya, Singapore",NP/PRO&nbsp;pote-CASE,none,cf. comments,"<i>svayam</i>, <i>svatah</i> and <i>nij</i> are Sanskrit loans used to express anti-causative meaning ('by itself') and AVE; <i>khud</i>: (cf. Persian <i>xod</i>)",potaan-GD.NB&nbsp;(meLe),pote-CASE,%,potaan-GD.NB,%,paradigm of <i>pote</i>:<br> NOM: <i>pote-&#216;</i><br> ERG: <i>pote-&#216;</i><br> ACC: <i>potaane</i><br> DAT: <i>potaane</i><br> GEN: <i>potaan</i>-GENDER/NUMBER<br> LOC: <i>pota(naa)m&#227;&#227;</i><br> INST: <i>potaa(naa)thi,ADN: only with nominals that have subject properties<br> etymology of <i>pote</i> (competing analyses):<br> a) <Sanskrit <i>svah-tah</i>: reflexive-ablative;<br> b) <Sanskrit reduplicated <i>atman</i> 'soul';<br> c) <Prakrit <i>pottaa</i> 'cloth'<br> There is also a 'literary reflexive pronoun' <i>nij</i> (cf. Mistry 2000: 367f.)<br> alternative expression for 'own': <i>meLe</i>,&lt;Capitals&gt;: Retroflex articulation,--
25,0,Hebrew,HBR,Middle East,"Afro-Asiatic, Semitic, Central","Israel, USA",NP/PRO&nbsp;(be-)atsm-POSS,none,'bone',%,be-atsm-POSS,atsm-POSS,%,%,afilu,<table> <tr><td>1.SG</td><td><i>atsmi</i></td></tr> <tr><td>2.SG.MASC</td><td><i>atsme&#967;a</i></td></tr> <tr><td>2.SG.FEM</td><td><i>atsme&#967;</i></td></tr> <tr><td>3.SG.MASC</td><td><i>atsmo</i></td></tr> <tr><td>3.SG.FEM</td><td><i>atsma</i></td></tr> <tr><td>1.PL</td><td><i>atsménu</i></td></tr> <tr><td>2.PL.MASC</td><td><i>atsme&#967;em</i></td></tr> <tr><td>2.PL.FEM</td><td><i>atsme&#967;en</i></td></tr> <tr><td>3.PL.MASC</td><td><i>atsmam</i></td></tr> <tr><td>3.PL.FEM</td><td><i>atsman</i></td></tr> </table>,"citation form of <i>-atsm-</i>: <i>etsem</i><br> <i>hitpa'el</i>: verbal strategy with middle semantics<br> <i>be-</i>: instrumental clitic preposition ('in', 'with')<br> ADN: use of <i>be-</i> is colloquial<br> AVE: <i>be-</i> is probably obligatory<br> refl: also hitpa'el conjugation (middle semantics)",&lt;&#967;&gt;: velar/uvular fricative<br>,--
26,0,Hindi,HND,"South Asia, India","Indo-European, Indo-Iranian, Indo-Aryan","India, Bangladesh, USA, Mauritius, South Africa, Yemen, Uganda, Singapore, Nepal, New Zealand, Germany, Kenya, United Arabic Emirates, United Kingdom",NP/PRO&nbsp;aap,none,unknown,"<i>xud</i> (cf. Persian <i>xod</i> ), <i>svayam</i> (< Sanskrit <i>svah-tah</i>)",apnee&nbsp;aap,apnee&nbsp;(aap),%,aapn-,%,'own':<br> GEN.MASC: apnaa<br> GEN.FEM: apnii,"<i>apnee aap</i>: citation form<br> <i>aap</i>: also used as a honorific pronoun, 3.SG/PL pronoun, reflexive pronoun<br> <i>svayam</i>: of Sanskrit origin<br> <i>xud/khud</i>: Urdu, colloquial Hindi (cf. Persian <i>xod</i>)<br> <i>apnee</i>: REFL.OBL; light vs. heavy reflexive roughly corresponds to verbal vs. nominal reflexivization strategy<br> <i>aap</i>: NOM of REFL",--,--
27,0,Hungarian,HNG,Europe,"Uralic, Finno-Ugric, Ugric","Hungary, Romania, Ukraine, Slovakia, Yugoslavia, Slovenia, Austria",(NP/PRO)&nbsp;mag-POSS,none,'seed',%,mag-POSS,mag-POSS,verbal&nbsp;affix,saját,még,reflexive pronouns:<br> <table> <tr><td>NOM.1SG.</td><td><i>maga-m</i></td></tr> <tr><td>NOM.2SG:</td><td><i>maga-d</i></td></tr> <tr><td>NOM.3SG:</td><td><i>mag-a</i></td></tr> <tr><td>NOM.1PL:</td><td><i>magunk</i></td></tr> <tr><td>NOM.2PL:</td><td><i>magatok</i></td></tr> <tr><td>NOM.3PL:</td><td><i>maguk</i></td></tr> </table>,"suffixing <<i>é</i>> to <i>mag</i> yields 'mine', 'yours' etc.<br> There is a set of derivative affixes that form reflexive verbs from agentive ones",--,--
28,0,Icelandic,ISL,Europe,"Indo-European, Germanic, North","Iceland, Canada, USA",NP/PRO&nbsp;sjálf-,none,unknown,%,sjálfur&nbsp;(NOM&nbsp;of&nbsp;sjálf-),sig,%,eigin,jafnvel,paradigm of <i>sig</i>: <table> <tr><td>GEN</td><td>sín</td></tr> <tr><td>DAT</td><td>sér</td></tr> <tr><td>ACC</td><td>sig</td></tr> </table> paradigm of <i>sjálf-</i> <table> <tr><td colspan='4'>SG</td></tr> <tr><td></td><td>MASC</td><td>FEM</td><td>NEUT</td></tr> <tr><td>NOM</td><td>sjálf-ur</td><td>sjálf</td><td>sjálf-t</td></tr> <tr><td>GEN</td><td>sjálf-s</td><td>sjálf-rar</td><td>sjálf-s</td></tr> <tr><td>DAT</td><td>sjálf-um</td><td>sjálf-ri</td><td>sjálf-u</td></tr> <tr><td>ACC</td><td>sjálf-an</td><td>sjálf-a</td><td>sjálf-t</td></tr> <tr><td colspan='4'>PL</td></tr> <tr><td>NOM</td><td>sjálf-ir</td><td>sjálf-ar</td><td>sjálf</td></tr> <tr><td>GEN</td><td>sjálf-ra</td><td>sjálf-ra</td><td>sjálf-ra</td></tr> <tr><td>DAT</td><td>sjálf-um</td><td>sjálf-um</td><td>sjálf-um</td></tr> <tr><td>ACC</td><td>sjálf-a</td><td>sjálf-ar</td><td>sjálf</td></tr> </table>,"<i>sjálf-</i> inflects for case, gender, number<br> <i>sig</i> inflects for case",--,--
29,0,Riau Indonesian,INZ,Southeast Asia/Oceania,"Austronesian, Malayo-Polynesian, Western Malayo-Polynesian, Sundic",Indonesia,(NP/PRO)&nbsp;sendiri,none,'alone'; <i>sen</i>: 'one',<i>sendiri-sendirian</i> (reduplicated); <i>seorang diri</i> ('alone'),sendiri,diri/sendiri,%,sendiri,%,--,data are Riau Indonesian<br> <i>sendiri</i> seems to be used when emphasis is put on the reflexive object;<br> the reflexive object is in focus,--,--
30,0,Italian,ITN,Europe,"Indo-European, Italic, Romance","Italy, USA, Argentina, France, Switzerland, Germany, United Kingdom, Uruguay, San Marino, Croatia, Slovenia, Belgium, Brazil. Canada, Australia, Israel, Paraguay, Puerto Rico, Liechtenstein, Luxembourg, Uruguay, Egypt, Eritrea, Libya, Saudi Arabia, Monaco",NP/PRO&nbsp;stess-GD.NB,none,Lat. <i>-met ipsim-</i> (superlative of <i>ipse</i>),<i>in persona</i> 'in person',PRO&nbsp;stess-,"sé,&nbsp;si&nbsp;(clitic)",%,propri-GD.NB,persino,--,--,--,--
31,0,Japanese,JPN,Asia,"Altaic, Japanese","Japan, Brazil, USA, Germany, Argentina, Mexico, Paraguay, United Kingdom, United Arab Emirates, Dominican Republic, Panama, Mongolia, Philippines, Thailand",(NP/PRO)&nbsp;jishin,humans,%,<i>jitai</i> (for inanimate referents),jibun-INSTR,jibun-CASE,%,jibun-CASE,sae,--,"<i>jishin</i> often occupies the position of the topic/case-postpositions (<i>ga</i>, <i>wa</i>)<br> if it co-occurs with <i>wa</i>, this yields a contrastive topic construction<br> further reflexivisation strategy: <i>ziko-</i> + verb<br> <i>jibun-de</i>: anaphor + instrumental postposition",--,--
32,0,Kannada,KJV,"South Asia, India","Dravidian, Southern, Tamil-Kannada",India (Karnataka),[NP/PRO]&nbsp;taan-CASE-ee,<i>taan</i>: only with animate NPs,"Vedic <i>tman</i> ('vital breath', 'one's own person')",[NP/PRO]&nbsp;PRO-CASE-ee,taan-NOM/PRO-NOM,-koLLu&nbsp;+&nbsp;taan,%,taan-GEN/PRO-GEN,%,Free pronouns: <table> <tr><td>1SG:</td><td><i>naanu</i></td></tr> <tr><td>2SG:</td><td><i>niinu</i></td></tr> <tr><td>3SG.REM.MASC:</td><td><i>avanu</i></td></tr> <tr><td>3SG.REM.FEM:</td><td><i>avaLu</i></td></tr> <tr><td>3SG.REM.NEUT:</td><td><i>adu</i></td></tr> </table>,"<i>-ee</i>: emphatic focalizer<br> <i>taan</i>: must be bound by a sentence-mate antecedent or logophoric centre, but requires verbal reflexive <i>-koLLu</i> when referring back to a co-argument<br> <i>taan</i>: only third person<br> <i>-koLLu</i>: middle marker/verbal reflexive<br> alternative expression for 'own':<i>swanta</i>",capital letters indicate retroflex articulation,--
33,0,Karo Batak,BTX,Australia/New Guinuea,"Malayo-Polynesian, Western Malayo-Polynesian","Indonesia, Sumatra",NP/PRO&nbsp;jine,%,%,jineken,"sisasa&nbsp;(anti-comitative),&nbsp;bana&nbsp;(anti-causative,&nbsp;anti-assistive)",bana,%,%,%,NULL,<i>sisasa</i>: 'alone' (anti-comitative); reflexive <i>bana</i> is also used in anti-causative and anti-assistive contexts,NULL,NULL
34,0,Kashmiri,KSH,"South Asia, India","Indo-European, Indo-Iranian, Indo-Aryan","India, Pakistan, United Kingdom",(NP)&nbsp;PRO-ay,none,'body',%,"panun,&nbsp;PRO-ay",(panun)&nbsp;paan,%,panun,%,--,"<i>-ay</i>: emphatic element<br> the reflexive <i>paan</i> is derived from the Vedic <i>tman</i> 'vital breath, one's own person'<br> in Modern Kashmiri <i>paan</i> also means 'body'<br> <i>paan</i>: light reflexive strategy<br> <i>panun paan</i>: heavy strategy",--,--
35,0,Kinyarwanda,KIN,Africa,"Niger-Congo, Atlantic-Congo, Volta-Congo","Ruanda, Uganda, Zaire, Tanzania, Burundi",NP/PRO&nbsp;ub-POSS,no inanimates,"<i>ubu</i>-POSS;<i>ubu</i>: preposition 'from, by'",PRON-<i>nyine</i>: 'alone' (~adv exclusive),REFL-V-APPL,íi(y)-V,%,REFL-V-APPL,%,paradigm of <i>ub</i>-POSS:<br> 1SG: <i>ub-wanye</i><br> 2SG: <i>ub-wawe</i><br> 3SG: <i>ub-we</i><br> 1PL: <i>ub-waku</i><br> 2PL: <i>ub-wanyu</i><br> 3PL: <i>ub-wabo</i><br>,APPL (applicative): <i>-ir/-er</i>,--,NULL
36,0,Korean,KKN,Asia,"Altaic, Japanese","South Korea, North Korea, China, Japan, Paraguay, Uzbekistan, Russia, Kazakhstan, Kyrghyzstan, Saudi Arabia, Canada, Germany, Tajikistan, Turkmenistan, USA, Singapore, Bahrain, Brunei, Guam, Mauritania, Mongolia, Panama, Philippines, Thailand",(NP/PRO)&nbsp;casin,human,<i>sin</i>: 'body',<i>cachey</i> (for non-human reference); <i>tangsin</i> (2nd person pronoun used for an honoured third-person),jikjob,caki,"casin,&nbsp;cakicasin",%,-to,--,increasing locality requirement for reflexives: <i>caki</i> > <i>casin</i> > <i>cakicasin</i>; jikjob: &#146;with one&#146;s body&#146,--,--
37,0,Koyra Chiini,KHQ,Africa,"Nilo-Saharan, Songhai, Southern",Mali,NP/PRO&nbsp;jaati(r),none,cf. Arabic <i>&#240;aat</i> ('self'),<i>nda</i> POSS.PRO <i>bomo</i>: 'by x-self' (lit.: 'with POSS.PRO head'),huneyno,POSS&nbsp;bomo&nbsp;(heavy),&#331;gu&nbsp;(light),&#331;gu,wala,"pronouns:<br> 1SG: <i>ay</i> (S), <i>ey</i> (OBJ)<br> 2SG: <i>ni</i><br> 1PL: <i>yer</i><br> 2PL: <i>wor</i>, <i>war</i><br> 3SG: <i>a</i> (S), <i>ga</i> (OBJ)<br> 3PL: <i>i</i> (S), <i>gi/ji</i> (OBJ)<br>&nbsp;<br> light reflexives/logophoric pronouns in the third person:<br> 3SG:<i> &#331;gu, &#331;u</i><br> 3PL:<i> &#331;gu-yo, &#331;gi-yo</i> (there are vocalic alternations)",the variant <i>jaatir</i> is used chiefly in the definite form ending in <i>di</i><br> reduplication is possible (<i>jaati-jaati(r)</i>)<br> PRO <i>huneyno</i>: 'by oneself'; <i>huna</i>: 'life';<br> <i>bomo</i>: 'head' (heavy reflexive)<br> <i>&#331;gu</i>: light reflexive<br> 1st and 2nd person: regular pronouns are used as reflexive markers<br> light reflexives are identical in form to logophoric pronouns and are also used as reflexive possessive pronouns<br> <i>wala</i>: also means 'or'<br> additional reflexive strategy: <i>&#331;gu&nbsp;bomo</i> ('extra heavy'),--,--
38,0,Latin,LTN,Europe,"Indo-European, Italic, Latino-Faliscan",Vatican State,(NP/PRO)&nbsp;ips-CASE.GD.NB,none,"&lt; <i>is-pse</i> ('DEM -emphatic element'; cf. <i>rea-pse</i> 'indeed', 'in the thing itself')",<i>-met</i> (<i>ego-met</i> 'I myself'),ips-NOM,se,%,"suus/a/um,&nbsp;proprius/a/um",etiam,--,"in the first and second person, the common pronouns <i>me</i> (1st) and <i>te</i> (2nd) are used as reflexive pronouns<br>scalar focus particle also <i>vel</i> ('or')",--,--
39,0,Lithuanian,LIT,"Europe, Baltic Sea","Indo-European, Baltic, Eastern","Lithuania, Belarus, Estonia, Kazakhstan, Kyrghyzstan, Latvia, Poland, Russia, Tajikistan, Turkmenistan, Uzbekistan, Brazil, Argentina, United Kingdom, Uruguay, Canada, Australia",pat-,none,"&lt; 'husband' (MASC), 'wife' (FEM)",%,pat-,"savè,&nbsp;-si",%,[(sàvo)&nbsp;pats]-N,net,"intensifiers:<br> MASC: pàt-s&nbsp;NP<br> FEM: pat-ì&nbsp;NP&nbsp<br> &nbsp;<br> reflexive forms:<br> <table> <tr><td>GEN</td><td><i>savê:s, sàvo</i></td></tr> <tr><td>DAT</td><td><i>sáu</i></td></tr> <tr><td>ACC</td><td><i>savè</i></td><td> <tr><td>INSTR</td><td><i>savimì</i></td></tr> <tr><td>LOC</td><td><i>savyjè</i></td></tr> </table> reflexive clitic: <i>si</i>","<i>pat-</i> inflects for case, gender, number<br> there is a verbal reflexive <i>-si</i> which covers a range of functions similar to the reflexive suffixes in Slavic languages<br> <i>sàvo</i> is a third person reflexive pronoun (1st and 2nd person: màno, tàvo);<br> <i>pàts</i> is also used in prenominal position in the sense of 'exactly', 'just'<br> <i>pàts</i> can express 'the same' (Senn 1966: 205)<br> <i>pàt</i> as an inflecting particle occurs after locative adverbials or between preposition and NP in the sense of 'just', exactly' etc.<br> <i>sávo</i> is also used as possessive genitive",--,--
40,0,Malagasy,MEX,Africa,"Malayo-Polynesian, Western Malayo-Polynesian","Madagascar, Merina, Betsimisaraka, Betsileo, Sakalava, Antandroy,Tanala, Antaimoro, Réunion, Comoros Islands, Mayotte",(PRO)&nbsp;tena-POSS,"none (<i>mihitsy</i>), <i>tena</i> only with humans (?)",'body',"(NP)&nbsp;<i>mihitsy</i>; in general, <i>mihitsy</i> 'indeed' is used with full NPs, and <i>tena</i> 'body' with pronouns (Charles Randriamasimanaga, p.c.); <i>irery</i> 'alone'",ihany&nbsp;no&nbsp;PRO,"tena,&nbsp;DET&nbsp;tena-POSS",%,no,%,--,"<i>tena</i> is incorporated into the verb when used as a reflexive marker (cf. Zribi-Hertz & Rajaonarisoa 1999)<br> <i>ny tena</i>-POSS: can be long-distance bound (unlike incorporated <i>tena</i>, which can only be locally bound)<br>adverbial intensifier is not formally identical to adnominal intensifier; instead, a focus construction with the focus construction marker <i>no</i> is used<br><i>ihany</i>: 'only'; <i>no</i>: focus construction marker<br>own: focus construction with <i>no</i>",--,--
41,0,Malayalam,MJS,"South Asia, India","Dravidian, Southern, Tamil-Kannada","India, United Arab Emirates, Malaysia, Singapore, Fiji, United Kingdom, Bahrain, Qatar",NP/PRO&nbsp;tanne,none,"<i>tanne</i> &lt; <i>taan-ee</i>; <i>taan</i>: anaphoric element, <i>-ee</i>: emphatic element",PRO-<i>ee</i>; <i>tannattaan</i>: &lt; <i>tanne-aal + taan</i> 'INT-INSTR + <i>taan</i>' (Engl. 'by oneself'),"tanne,&nbsp;svayam",taan,"tannataan,&nbsp;svayam",svantham,poolum,--,"<i>tanne</i> is used in combination with personal pronouns<br> <i>taan</i> expresses reflexivity in the third person<br> <i>taan</i> inflects for number and case (cf. Asher, R.E. & T.C. Kumari 1997: 265)<br> <i>tanne</i> is invariant<br> <i>-koLLuka</i>: verbal affix (middle marker, cf. Kannada), which often cooccurs with <i>tanne</i>",--,--
42,0,Maltese,MLS,"Europe, Mediterranean","Afro-Asiatic, Semitic, Central","Malta, Italy,Tunisia, Australia, Canada, USA, United Kingdom",nifs-PRON,%,<i>nifs</i>: 'breath' (cf. Arabic <i>nafs</i>: 'soul'),(PRO) <i>stess</i> (&lt; Italian <i>stesso</i>); <i>lil</i>-PRON + <i>stess</i>; <i>ruh</i> ('soul'),nifs-PRON,lil-PRON,"nifs-PRON,&nbsp;ruh-PRON",nifs-PRON,imqar,--,"<i>lil-</i>: object marker<br> there is a set of detransitivising medium markers (prefixes): <i>t-, n-, nt-</i>",--,--
43,0,Mandarin Chinese,CHN,Southeast Asia/Oceania,"Sino-Tibetan, Chinese","China, Taiwan, Singapore, Malaysia, Indonesia, Russia, USA, Mongolia, Viet Nam, Brunai, Soth Africa, Thailand, Laos, Cambodia, United Kingdom, Mauritius",zìj&#301;,animate,'nose',"<i>b&#277;nsh&#275;n</i> (adnominal; inanimate referents; cannot be used with agentive verbs)<br> <i>b&#277;nrén</i> (adnominal; only human referents)<br><i>q&#299;nsh&#335;u</i> (‘(with) own hand’; adverbial exclusive)<br><i>q&#299;ny&#259;n</i> (‘(with) own eyes’; adverbial exclusive)<br> <i>q&#299;nk&#335;u</i> (‘(with) own mouth; adverbial exclusive)<br><i>q&#299;n&#277;r</i> (‘(with) own ears; adverbial exclusive)<br> <i>q&#299;nb&#301;</i> (‘(with) own brush, in one’s own handwriting’; adverbial exclusive)<br> <i>q&#299;nzì</i> ‘personally’",zìj&#301;,zìj&#301;,%,zìj&#301;-ATTR,lián,--,"ATTR: attributive marker <i>-de</i>; long-distance bound use of <i>zìj&#301;</i> is possible<br>own: also <i>q&#299;nsh&#275;n</i>&nbsp;(firsthand&nbsp;experience),&nbsp;<i>q&#299;nsh&#275;ng</i>",--,Li Xiaoting
44,0,Maori,MBF,Australia/New Guinuea,"Austronesian, Malayo-Polynesian, Central-Eastern",New Zealand,tino,%,%,%,tino,PRO-anoo,%,--,%,NULL,lexical source of reflexive: 'again',NULL,NULL
45,0,Mezquital Otomi,OTA,"America, Mesoamerica","Oto-Manguean, Otopamean, Otomian",Mexico,none&nbsp;(focus&nbsp;construction),%,%,%,s&#603;&#780;h&#603;&#769;,&lt;N&gt;-V...(s&#603;&#780;h&#603;&#769;),%,s&#603;&#780;h&#603;&#769;,%,--,&lt;N-&gt;: nasalizing prefix (reflexive marker/middle voice),&lt;&nbsp;&nbsp;&#780;&gt;: low-high tone<br> &lt;´&gt;: rising tone<br>,--
46,0,Breton,BRT,Europe,"Indo-European, Celtic, Insular","France, USA",NP/PRO&nbsp;end-eeun,none,"<i>end-eeun</i>: 'exactly, precisely' (ADV), 'real, very' (ADJ)","POSS<i>-unan(-penn)</i> (< <i>unan</i> 'one'), also '(NP) alone'<br>NP <i>zoken</i> (or only scalar reading of <i>zoken</i>?)",%,en&nbsp;em&nbsp;V,%,%,zoken,forms of POSS<i>-unan</i><br> 1st: <i>va-unan</i><br> 2nd: <i>hon-unan</i><br> 3rd: <i>e-unan</i>;,<i>en em</i>: uninflected preverbal particle; verbal reflexive <i>en em</i> can probably cooccur with intensifier POSS<i>-unan</i> (?),--,--
47,0,Navajo,NAV,North America,"Na-Dene, Nuclear Na-Dene, Athapaskan-Eyak",USA,t&#146;áá,%,%,%,%,ad&nbsp;(clitic),%,--,%,NULL,--,NULL,NULL
48,0,Norwegian,NRN,Europe,"Indo-European, Germanic, North","Norway, USA, Sweden, Canada, Ecuador",PRO/NP&nbsp;selv-&nbsp;(Bokmål)<br> PRO/NP&nbsp;sjølv-&nbsp;(Nynorsk),none,unknown,%,selv,seg&nbsp;(selv),%,egen,selv,<table> <tr><td></td><td colspan = '2'>singular</td><td colspan = '2'>plural</td></tr> <tr><td></td><td>indefinite</td><td>definite</td><td>indefinite</td><td>definite</td></tr> <tr><td>Nynorsk</td><td>sjølv</td><td>sjølve</td><td>sjølve</td><td>sjølve</td></tr> <tr><td>Bokmål</td><td>selv</td><td>selve</td><td>selv</td><td>selv</td></tr> </table>,"the intensifier may either precede or follow the head NP<br>if it precedes, it shows definite inflection; if it follows, it occurs in its indefinite form<br> on the use of <i>seg (selv)</i> cf. Swedish <i>sig själv</i><br>",--,Michael Riessler
49,0,Oromo,GAZ,Africa,"Afro-Asiatic, Cushitic, East","Ethiopia, Kenya",ofii&nbsp;POSS.PRO&nbsp;(NP),%,%,"<i>mataa</i> POSS.PRO ('head'); <i>qofaa</i> ('only, alone')",ofii-POSS-INSTR,of/if/uf,%,ofii/ifii,-llee/illee,--,This page is about the Afaan dialect of Oromo as described by Griefenow-Mewis (2001)<br> <i>ofii</i> is also used as a reflexive pronoun when emphasis is desired<br> Harar Oromo: reflexive forms are <i>ifíi</i> and <i>íf</i>,--,--
50,0,Persian,PES,Asia,"Indo-European, Indo-Iranian, Iranian","Iran, Pakistan",xod(-POSS)<br> xod-e&nbsp;NP/PRO,none,&lt; Old Persian <i>*xw&#275;š</i>,"<i>šaxsan</i> 'personally, in person'<br> <i>nafs-</i> (cf. Arabic)<br> <i>xiš, xištan</i> are possessive intensifiers ('own')",xod(-POSS),xod(-POSS),%,xod-POSS,hattaa,--,--,--,--
51,0,Podoko,PBI,Africa,"Afro-Asiatic, Chadic, Biu-Mandara","Nigeria, Cameroun",(NP)&nbsp;ba&nbsp;mudar&#601;-POSS,%,<i>ba</i>: 'with'; <i>mudar&#601;</i>: 'head',<i>t&#601;guway&#601;</i> ('personally')<br> <i>k&#601;ðar&#601;</i> ('by itself'),ba&nbsp;mudar&#601;-POSS,b&#601;&nbsp;PRO,%,t&#601;gu,%,--,--,--,--
52,0,Polish,PQL,Europe,"Indo-European, Slavic, West","Poland, USA, Canada, Ukraine, Belarus, Kazakhstan, Lithuania, Czech Republic, Slovakia, Germany, Latvia, Austria, Australia, Israel, Romania, Azerbaijan, Hungary, Russia, Finland,",PRO/NP&nbsp;sam-,none,Proto-IE <i>*sem</i> 'one' (?),%,sam-,"siebie,&nbsp;sie&nbsp;(verbal)",%,w&#322;asny,"rowno,&nbsp;nawet,&nbsp;wlasnie",--,"<i>sam-</i> inflects for case, gender, number<br> as an adverbial-exclusive intensifier it is always in the nominative",--,--
53,0,Portuguese,POR,Europe,"Indo-European, Italic, Romance","Portugal, Andorra, Belgium, Brazil, Canada, Congo, France, Germany, India, Jamaica, Luxembourg, Macau, Malawi, Mozambique, Paraguay, South Africa, Switzerland, Uruguay, USA, Angola, Spain, United Kingdom, Azores, Madeira, Antigua, Cape Verde, Guinea Bissa",NP/PRO&nbsp;mesm-,none,&lt; Lat. <i>-met ipsimus/a</i>,"<i>próprio</i> (originally 'own'); <i>sozinho</i> ('alone'), also adverbial intensifier",PRO&nbsp;mesm-,"si,&nbsp;se&nbsp;(clitic)",%,próprio,"até&nbsp;(mesmo),&nbsp;mesmo",--,--,--,--
54,0,Punjabi,PNJ,"South Asia, India","Indo-European, Indo-Iranian, Indo-Aryan","India, Pakistan, Great Britain, United Arab Emirates, USA, Canada",PRO&nbsp;(apNe)&nbsp;aap<br> NP&nbsp;apNe&nbsp;aap,none,%,<i>xud</i>-CASE (cf. Persian <i>xod</i>)<br> <i>aap-hii</i> 'INT-EMPH' for Eng. 'by itself'<br> <i>aap</i> can also be used as an intensifier standing by itself,apNe&nbsp;aap,apNe,%,apNe,%,--,there is also a compound verb construction involving the explicator/auxilliary verb <i>laiNaa</i> 'to take' which is used to express reflexivity,capital letters indicate retroflex articulation,--
55,0,Rapa Nui,PBA,Australia/New Guinuea,"Austronesian, Malayo-Polynesian, Central-Eastern","Chile, Tahiti, USA",%,%,%,%,%,<i>a</i>,%,<i>a</i>,%,--,there is no genuine reflexive form (pronominal form followed by emphatic <i>a</i> is used),--,NULL
56,0,Romanian,RUM,"Europe, Balkans","Indo-European, Italic, Romance","Romania, Moldova, Kazakhstan, Kyrghyzstan, Russia, Tajikistan, Turkmenistan, Ukraine, Uzbekistan",NP/PRO&nbsp;îns-PRON.GEN<br>îns-PRON.GEN&nbsp;NP/PRO,none,<i>îns</i>: 'individual' + unstressed genitive(/dative) pronoun,<i>chiar</i> (also: 'even'),singur,a)&nbsp;se/&#351;i&nbsp;(verbal&nbsp;clitics)<br>b)&nbsp;sine,%,"proprio/a,&nbsp;chiar",chiar,paradigm of <i>îns</i> (/s/ is palatalized before /i/): <table> <tr><td>PERS/NUM</td><td>MASC</td><td>FEM</td></tr> <tr><td>1SG</td><td>îns-umi</td><td>îns-&#259;mi</td></tr> <tr><td>2SG</td><td>îns-u&#355;i</td><td>îns-a&#355;i</td></tr> <tr><td>3SG</td><td>îns-u&#351;i</td><td>îns-&#259;&#351;i</td></tr> <tr><td>1PL</td><td>în&#351;-ine</td><td>îns-ene</td></tr> <tr><td>2PL</td><td>în&#351;-iv&#259;</td><td>îns-ev&#259;</td></tr> <tr><td>3PL</td><td>în&#351;-i&#351;i</td><td>îns-ele</td></tr> </table>,se/&#351;i are phonologically reduced when preceding an auxiliary (se a > s-a)<br>,--,--
57,0,Russian,RUS,"Europe, Asia","Indo-European, Slavic, East","Russia, Armenia, Azerbaijan, Belarus, Estonia, Georgia, Kazakhstan, Kyrghyzstan, Latvia, Lithuania, Moldova, Tajikistan, Turkmenistan, Ukraine, Uzbekistan, Germany, Israel, USA, Canada, China, Mongolia, Norway, Poland, Uruguay, Czech Republic, India",sam,none,Proto-IE <i>*sem</i> 'one' (?),<i>li&#269;nyj</i> ('personally'),sam,"sebja,&nbsp;-sja/-s&nbsp;(verbal&nbsp;strategy)",%,sobstvennyj,daže,--,"<i>sam</i> and <i>sobstvennyj</i>: inflect for gender, number, case",--,--
58,0,Shona,SHD,Africa,"Niger-Congo, Atlantic-Congo, Volta-Congo","Zimbabwe, Mozambique, Zambia",NC-mèné,none,%,"reduplicated pronouns: <i>ìníní</i> ('I myself'), <i>ìwéwé</i> ('you yourself'), <i>íyèyè</i> ('he himself');<br>PRO/NP <i>pachá-</i>POSS; PRON-<i>égà</i> 'PRO alone' (cf. comments)","NC-mènè<br> pacha-POSS,&nbsp;zvi-...V...&nbsp;-APPL-...",zvi-V,%,POSS-égà,kunyàngè,NULL,"<i>égà</i> is the common form in the Zezuru- and Manyika-dialects; in the Kangara-dialect, <i>ógà</i> is more common<br> APPL: infix <i>-ir-</i><br> NC: nominal class marker<br> paradigm of <i>mèné</i>:<br> 1SG <i>ìní ndó-mèné</i>: I myself<br> 2SG <i>ìwé wó-mèné</i>: you yorself<br> 3SG <i>íyè wó-mèné</i>: s/he herself/himself<br> 1PL <i>ìsú tó-mèné</i>: we ourselves<br> 2PL <i>ìmí mó-mèné</i>: you yourselves<br> 3PL <i>ívò vó-mèné</i>: they themselves<br> <i>zvi-</i>: reflexive prefix",NULL,NULL
59,0,Slovak,SLO,Europe,"Indo-European, Slavic, West","Slovakia, USA, Hungary, Poland, Romania, Ukraine, Canada, Yugoslavia",NP/(PRO)&nbsp;sám,none,Proto-IE <i>*sem</i> 'one' (?),<i>osobno</i>: 'personally',sám,"seba,&nbsp;sa&nbsp;(clitic)",%,vlastné,"dokonca,&nbsp;až,&nbsp;ešte",NULL,"<i>sam</i> and <i>vlastné</i> inflect for gender, number, case",NULL,NULL
60,0,Somali,SOM,Africa,"Afro-Asiatic, Cushitic, East","Somali, Ethiopia, Kenya, Djibouti, Yemen, United Arab Emirates",(PRO/NP)&nbsp;naft-POSS,%,cf. Arabic <i>nafs</i> ('soul'),"<i>qudh</i>-POSS, <i>laft</i>-POSS",%,is,%,%,xátaa,"paradigms of <i>naft-</i> and <i>qudh-</i>:<br> 1SG: <i>naft-ayda</i>, <i>qudh-ayda</i><br> 2SG: <i>naft-ada</i>, <i>qudh-ada</i><br> 3SG.MASC: <i>naft-iisa</i>, <i>qudh-iisa</i><br> 3SG.FEM: <i>naft-eeda</i>, <i>qudh-eeda</i><br> 1PL: <i>naft-eena</i>, <i>qudh-eena</i><br> 2PL: <i>naft-iina</i>, <i>qudh-iina</i><br> 3PL: <i>naft-ooda</i>, <i>qudh-ooda</i><br>",<i>is</i> is invariant,--,--
61,0,Soninke,SNN,Africa,"Niger-Congo, Mande, Western","Senegal, Mauritania, Burkina Faso, Côte d´Ivoire, Gambia, Guinea Bissau",NP/PRO&nbsp;yinmé,none,'head',%,yinmé,du,%,POSS.PRO&nbsp;&nbsp;yinmé,%,--,NP/PRO <i>yinmé</i>: can be analysed as a possessive construction (PSR PSM)<br> possessive pronouns are identical in form to common personal pronouns<br> <i>du</i>: reflexive marker<br> intensifier <i>yinmé</i> is optionally used to reinforce reflexivity,--,--
62,0,Spanish,SPN,Europe,"Indo-European, Italic, Romance","Spain, Mexico, Central America, Caribbean, South America, USA, Israel, Germany, Canada, Norway, Jamaica, Latin America, Gibraltar, France, Morocco, Trinidad and Tobago, Australia",NP/PRO&nbsp;mismo/a,none,Lat. <i>-met ipsim-</i> (superlative),<i>mismísimo</i> (superlative of <i>mismo</i>)<br> <i>in persona</i> ('in person')<br> <i>propio/a</i> (or. 'own'),PRO&nbsp;mismo,"se,&nbsp;sí",%,propio,hasta,--,<i>mismo</i> and <i>propio</i> inflect for gender and number,--,--
63,0,Swedish,SWD,Europe,"Indo-European, Germanic, North","Sweden, Finland, USA, Canada, Norway",själv-,none,< Proto-Germ. *<i>selba</i>,<i>personligen</i> ('in person'),själv,sig&nbsp;(själv),%,egen,&auml;ven,<i>själv</i>:<br> DEF:<br> &nbsp;&nbsp;&nbsp;&nbsp;GENERAL:<i>själva</i><br> &nbsp;&nbsp;&nbsp;&nbsp;DEF.MASC.SG: <i>själve</i><br> INDEF:<br> &nbsp;&nbsp;&nbsp;&nbsp;UTRUM.SG: <i>själv</i><br> &nbsp;&nbsp;&nbsp;&nbsp;NEUTRUM.SG: <i>själv-t</i><br> &nbsp;&nbsp;&nbsp;&nbsp;GENERAL.PL: <i>själv-a</i>,"Intensifier:<br> <i>själv</i> inflects for gender and number; when it precedes its head NP, the definite declension class is used, and when it follows the indefinite declension class<br> Reflexives:<br> in the first and second person the regular pronouns are used in reflexive contexts<br> <i>self</i> is added to <i>sig</i> only in the context of verbs denoting typically self-directed activities<br>",--,Michael Riessler
64,0,Tachelhit,SHI,Africa,"Afro-Asiatic, Berber, Northern","Morocco, Algeria",(NP)&nbsp;PRO&nbsp;nit,none,%,<i>agayu</i>-POSS (<i>agayu</i>: 'head'),PRO&nbsp;nit,agayu-POSS,%,no&nbsp;expression,%,--,<i>agayu</i>-POSS: restricted to referents of high social rank<br> PRO <i>nit</i>: <i>nit</i> does not inflect,--,--
65,0,Tamil,TCV,"South Asia, India","Dravidian, Southern, Tamil-Kannada","India, Sri Lanka, South Africa, Malaysia, Singapore",(NP)&nbsp;PRO-ee<br>(NP)&nbsp;ANPH-ee<br>NP-ee,none,%,PRO/ANPH-<i>aa</i> (approximately equivalent to <i>-ee</i>),PRO/ANPH-ee,-kiDu&nbsp;(middle)&nbsp;+&nbsp;PRO/ANPH-ee,%,tan&nbsp;NP,kuDa,--,"ANPH: <i>taan</i> (referentially defective, requires local antecedent)<br> PRO: <i>avan</i> (referentially independent) <br>intensified pronouns: <i>avan-ee</i>, <i>taan-ee</i><br><i>tan</i> is the genitive of <i>taan</i><br> <i>-ee</i>: emphatic element, semantically relatively unspecific<br> NP<i>-ee</i> often has a scalar meaning ('even NP...')<br> <i>kuDa</i>: 'too, even'; for 'even' emphatic intonation is used",capital letters indicate retroflex articulation,Sangeetha Sekaran
66,0,Tetelcingo Nahuatl,NHG,"America, Mesoamerica","Uto-Aztecan, Southern Uto-Aztecan, Aztecan",Mexico,(NP)&nbsp;sie&nbsp;PRO,human,<i>sie</i>: 'one',<i>belaha</i> (only used for persons occupying a high rank); &lt; <i>vel yaha</i> 'very he',POSS-siel,mo-,%,"miero,&nbsp;belaha",%,NULL,<i>-siel</i>: also 'alone'; cf. <i>sie</i> 'one'; basically used as an adverbial intensifier,NULL,NULL
67,0,Tsakhur,TSK,"Europe, Caucasus","North Caucasian, North-East, Lezgian","Russia, Azerbaijan, Uzbekistan",(NP/PRO)&nbsp;wuž-CASE,none,%,%,wuž-ERG,wuž-ABS&nbsp;(light)&nbsp;/&nbsp;wuž-ERG&nbsp;wuž-ABS&nbsp;(heavy),%,wuž-CASE&nbsp;(OBL),%,--,"<ul> <li> <i>wuž</i> is an anaphor with antecedents in the same clause, the same sentence, or even within the discourse <li> different forms of <i>wuž</i> according to nominal class and case: <i>wuž</i>, <i>žu</i>, <i>že</i>, <i>již</i> <li> <i>wuže: wuž (wuž</i>-ERG <i>wuž</i>-ABS): 'double reflexive'; the first <i>wuž</i> takes the case of the agent, the second one of the patient; the choice between the light and the heavy reflexive depends on ""whether a target of reflexivization is a core or an oblique argument of the verb"" and ""whether a situation described is inwardly or outwardly oriented"" (Lyutikova 2000: 242) <li> <i>wuž</i> alone may be long-distance bound </ul>","<ul> <li>in our graphemic representations we follow the source (Lyutikova 2000), where no phonetic realizations of the relevant symbols are indicated <li> ""z wedge"" ‹ž› used here to represent the ""yogh wedge"" that is used in the reference cited; its phonetic realization is a voiced post-alveolar affricate <li> for the ""yogh"" sign see Pullum, G./W. Ladusaw (1986). <i>Phonetic Symbol Guide</i>. Chicago: University of Chicago Press. </ul>",--
68,0,Tukang Besi,KHC,Australia/New Guinuea,"Austronesian, Malayo-Polynesian, Western Malayo-Polynesian",Indonesia (Sulawesi),ala&#660;a,%,'just',orungu-POSS,karama-POSS,karama-POSS,%,karama-POSS,%,--,"<ul> <li>intensifier is usually used in cleft constructions with a nominalized relative clause and possessive marking (cf. ex. 370) <li>the intensifier <i>ala&#660;a</i> probably exhibits the same semantics as Breton <i>end-eeun</i>, Mixtec <i>máá-</i> and Zapotec <i>la-gahk</i> <li><i>orungu</i>-POSS: <i>orungu-</i> means 'body'<br> </ul>",--,--
69,0,Turkish,TRK,Europe,"Altaic, Turkic, Southern","Turkey, Bulgaria, Uzbekistan, Kazakhstan, Kyrghyzstan, Tajikistan, Azerbaijan, Cyprus, Greece, Belgium, Germany, Romania, Macedonia, Yugoslavia, Iran, Iraq, USA, Canada, France, Netherlands, Austria, Sweden, Georgia, Danmark, Finland, Switzerland,",(NP/PRO)-GEN&nbsp;kendi-POSS-CASE,none,%,"<i>yaln&#305;z</i>: 'alone', can also mean 'without any help'",kendi-POSS-CASE,"kendi-POSS-CASE,&nbsp;-In",%,kendi,bile/dahi,--,"<ul> <li> -POSS indicates person and number<br> <li><i>kendi-</i> can be reduplicated to express intentionality<br> <li>the middle marker <i>-In</i> has a reflexivizing function with typically self-directed verbs and is also a detransivizer (cf. Kornfilt (1997). <i>Turkish</i>. London: Routledge, p. 157)<li><i>kendi</i> can be reduplicated (AVE + REFL)<br>the verbal reflexive requires a subject antecedent (cf. Kornfilt 1997: 141) </ul>",&lt;I&gt;: exact vowel depends on vowel harmony,-
70,0,Tzotzil,TZO,"America, Mesoamerica","Mayan, Cholan-Tzeltalan, Tzeltalan","Central Chiapas, Venustiano Carranza Municipio, towns of Venustiano Carranza, El Puerto, and El Paraiso de Grijalva",POSS-tuk&nbsp;(NP/PRO),only NPs with animate referents,<i>-tuk</i>: 'alone',<i>mismo</i> (borrowed from Spanish),POSS-tuk,POSS-ba,%,POSS-NP&nbsp;POSS-tuk,asta&nbsp;(&lt;&nbsp;Span.&nbsp;<i>hasta</i>),<table> <tr><td>PS.NB</td><td>intensifier&nbsp;</td><td>reflexive</td></tr> <tr><td>1SG</td><td><i>h-tuk</i>&nbsp;</td><td><i>h-ba</i></td></tr> <tr><td>2SG</td><td><i>a-tuk</i>&nbsp;</td><td><i>a-ba</i></td></tr> <tr><td>3SG</td><td><i>s-tuk</i>&nbsp;</td><td><i>s-ba</i></td></tr> <tr><td>1PL.EXCL</td><td><i>h-tuk-utik</i>&nbsp;</td><td><i>h-ba-kutik</i></td></tr> <tr><td>1PL.INCL</td><td><i>h-tuk-tik</i>&nbsp;</td><td><i>h-ba-tik</i></td></tr> <tr><td>2PL</td><td><i>a-tuk-ik</i>&nbsp;</td><td><i>a-ba-ik</i></td></tr> <tr><td>3PL</td><td><i>s-tuk-ik</i>&nbsp;</td><td><i>s-ba-ik</i></td></tr> </table>,"The dialect described is the one of San Andrés (cf. Delgaty, Alfa Hurley y Agustín Ruiz Sánchez (1978). <i>Diccionario Tzotzil de San Andrés con Variaciones Dialectales.</i> México: Instituto Lingüístico de Verano).<br>The adverbial exclusive intensifier takes up a preverbal position:<br> (TOP) <i>-tuk</i> V (NP.ABS) (NP.ERG)",--,--
71,0,Wolof,WOF,Africa,"Niger-Congo, Atlantic-Congo, Atlantic",Gambia,ci&nbsp;bopp-POSS,none,<i>bopp</i>: 'head'; <i>ci</i>: 'with',<i>rekk</i>: 'alone',ci&nbsp;bopp-POSS&nbsp;mooy,"-u,&nbsp;-ku&nbsp;(verbal);&nbsp;POSS-bopp&nbsp;(1/2),&nbsp;bopp-POSS&nbsp;(3)",%,%,%,--,"<i>ci bopp</i>-POSS: 'with head-POSS'<br> <i>mooy</i>: emphatic subject construction<br> <i>-u</i>, <i>-ku</i>: verbal reflexive strategies",--,-
72,0,Yiddish,YDD,"Israel, Europe, North-America","Indo-European, Germanic, West","Israel, USA, Canada, Belarus, Estonia, Latvia, Lithuania, Moldava, Russia, Ukraine, Germany, Belgium, Poland, Romania, Latin America, Australia, South Africa",NP/PRO&nbsp;aleyn,none,<i>aleyn</i> ('alone'),"<i>gufe</i> (adnominal, adverbial)",aleyn,zikh,%,eygene,afile,--,<i>afile</i> is borrowed from Hebrew (<i>afilu</i>)<br> <i>gufe</i> is contextually restricted,--,--
73,0,Yoruba,YOR,Africa,"Niger-Congo, Atlantic-Congo, Volta-Congo",Benin,NP/PRO&nbsp;fúnra-POSS,none,<i>fún</i>: 'for'; <i>ara</i>: 'body' (<i>ara</i> is also a reflexive marker),"<i>pàápàá</i> (adnominal; also 'especially', 'even')",fúnra-POSS,ara&nbsp;POSS.PRO,%,(gaan)&nbsp;POSS.PRO,til&#603;,possessive suffixes:<br> <table> <tr><td>1:</td><td><i>-(:`)mi</i></td></tr> <tr><td>2:</td><td><i>-(:`)r&#603;/-&#603;</i></td></tr> <tr><td>3:</td><td><i>-(:)r&#603;&#768;/&#603;&#768;</i></td></tr> </table> <br> paradigm of <i>funraà-</i>:<br> <table> <tr><td>1:</td><td><i>fúnraà-mi</i></td></tr> <tr><td>2:</td><td><i>fúnraà-r&#603;</i></td></tr> <tr><td>3:</td><td><i>fúnraa-r&#603;&#768;</td></tr> </table>,"before <i>-(:`)mi</i> and <i>-(:`)r&#603;/-&#603;</i> the preceding vowel receives a low tone (&lt;`&gt;) <br><i>gaan</i>: 'exactly, really, actually'",&lt;&#603;&gt;: mid-open front vowel<br> &lt;&#596;&gt;: mid-open back vowel<br> &lt;`&gt;: low tone<br> &lt;´&gt;: high tone<br> without accent: neutral tone<br> &lt;:&gt; indicates that the preceding vowel is lengthened<br>,--
97,0,Latvian,LAT,"Europe, Baltic Sea","Indo-European, Baltic , Eastern","Latvia, Belarus, Estonia,",pàt,%,"'man/woman', 'husband/wife'",,pàt,savè&nbsp;(ACC),%,savìškis/&nbsp;-k&#279;,%,NULL,"reflexive forms: <i>sav&#7869;s</i>, <i>savo</i> (GEN), <i>sáu</i> (DAT), <i>savè</i> (ACC), <i>savimì</i> (INSTR), <i>savyjè</i> (LOC); <i>pàt</i> (invariant particle), <i>pàts/patì</i> used as a noun (see lexical source) inflects for number and case.",NULL,NULL
98,0,Telugu,TCW,"South Asia, India","Dravidian, South-Central",India,(NP)&nbsp;PRO-ee,none,%,<i>swayam</i> (cf. Hindi); POSSPRO + <i>maTuku</i> + PRO (<i>maTuku</i>: 'as for...'),PRO-ee,V-kon&nbsp;(PRO-ee&nbsp;(tan-NOM)),%,tana&nbsp;(=tan-GEN),%,ANPH:<br> <table> <tr><td>NOM</td><td><i>tanu</i></td></tr> <tr><td>ACC</td><td><i>tana-ni</i></td></tr> <tr><td>DAT</td><td><i>tana-ki</i></td></tr> <tr><td>2nd DAT</td><td><i>tana-too</i></td></tr> <tr><td>GEN</td><td><i>tana</i></td></tr> <tr><td>LOC</td><td><i>tana-miida</i></td></tr> <tr><td>ABL</td><td><i>tana-nunci</i></td></tr> </table> &nbsp;<br> PRO:<br> <table> <tr><td>1SG</td><td><i>neenu</i></td></tr> <tr><td>2SG</td><td><i>meemu</i></td></tr> <tr><td>3G.MASC.DIST</td><td><i>waaDu</i></td></tr> <tr><td>3SG.FEM.DIST</td><td><i>same</i></td></tr> <tr><td>3SG.MASC.PROX</td><td><i>wiiDu</i></td></tr> <tr><td>3SG.FEM.PROX</td><td><i>iime</i></td></tr> </table>,pronouns (PRO): <i>tan-</i> (referentially defective anaphor; requires local antecedent)<br> <i>-kon</i>: verbal reflexive or middle voice,capital letters: retroflex articulation,--
99,0,Ancient Greek,GKO,"Europe, Balkans","Indo-European, Greek, Attic",Greece,(NP/PRO)&nbsp;autó-CASE.NUM,none,%,%,autó-CASE.NUM,he:/[he:&nbsp;autó-CASE.NUM],%,idio-CASE.NUM,%,NULL,"light reflexives: <i>he:</i> (ACC), <i>hôu</i> (GEN), <i>hô:i</i> (DAT); heavy reflexives (third person): <i>he:autón</i> (ACC), <i>he:autoû</i> (GEN), <i>heautô:</i> (DAT); paradigm of intensifiers (MASC): <i>autós, autoû, autô:</i>; the simple reflexive <i>he:</i> is confined to referring back to antecedents from higher clauses (can be used only logophorically); in a local context, the complex reflexive <i>he:auto-</i> has to be used; the intensifier may either follow or precede the NP it combines with",NULL,NULL
100,0,Tarascan,TSZ,"America, Mesoamerica",Language isolate,Michoacán/Mexico,misimu,none,&lt; Span. <i>mismo</i>,<i>-kurhi</i> (little or no difference to <i>-kuarhe</i>),-kuarhe&nbsp;(verbal&nbsp;suffix),-kuarhe&nbsp;(verbal&nbsp;suffix),%,-kuarhe/&nbsp;ímeri,%,--,<i>misimu</i> may be used to reinforce the verbal reflexivization strategy (cf. ex. 529),&lt;rh&gt;: retroflex approximant (phonetically similar to [&#635;]),--
101,0,Totonac,TOO,"America, Mesoamerica",Totonac-Tepehua,Mexico,ma:ni&#660;&nbsp;NP/PRO,animate,%,%,POSS-a&#660;kstu,V-ka(n)&nbsp;&nbsp;[POSS-a&#660;kstu],%,POSS-a&#660;kstu,%,--,<i>-ka</i>: past form of middle<br> <i>-kan</i>: non-past form of middle<br> adverbial intensifier <i>-a&#660;kstu</i> reinforces verbal reflexive and is in some contexts obligatory,&lt;q&gt;: uvular stop<br> &lt;lh&gt;: voiceless alveolar lateral<br> &lt;x&gt;: voiceless postalveolar fricative<br> &lt;ch&gt;: voiceless alveolar affricate,--
102,0,Mitla Zapotec,ZAW,"America, Mesoamerica","Otomanguean, Zapotecan",Mexico,lagahk&nbsp;PRO/NP,animate,"<i>laa</i>: pronominal stem, regularly shortened to <i>la</i> if not accented; <i>gahk</i>: 'exactly, right'",<i>žteb</i>: 'by itself',ensilaani,(lagahk)&nbsp;PRO,%,lagahk,%,--,the adjunct reflexive <i>lagahk</i> is optional; a simple pronoun can also be locally bound,capitals indicate tense articulation,--
77,0,Bambara,BRA,Africa,"Niger-Congo, Mande, Western","Mali, Gambia, Senegal, Côte d'Ivoire",NP/PRO&nbsp;y&#603;&#768;r&#603;,%,%,%,y&#603;&#768;r&#603;,í,%,y&#603;&#768;r&#603;&nbsp;ta,"hali,&nbsp;y&#603;&#768;r&#603;",1SG: <i>né ta</i><br> 2SG: <i>í ta</i><br> 3SG: <i>à ta</i>,"PRO <i>ta</i>: 'that which belongs to PRO' (mine, yours etc.)<br> special reflexive only in the third person<br> the third person reflexive is phonologically identical to the pronoun of the second person",--,NULL
78,0,Fulani,FUH,Africa,"Niger-Congo, Atlantic-Congo, Atlantic","Niger, Cameroon, Chad",bee&nbsp;hoore&nbsp;POSS.PRO,%,<i>bee</i>: prep. 'with'; <i>hoore</i> 'head',"<i>ko&#660;e</i>, <i>tigi</i>",bee&nbsp;hoore,hoore,%,halal&nbsp;+&nbsp;POSS.PRO,"fa(e),&nbsp;fay,&nbsp;hattáa",paradigm of intensifiers according to Westermann (1909: 219)<br> 1SG: <i>min gam h&#596;&#772;r&#603; am</i><br> 2SG: <i>a han gam h&#596;&#772;r&#603; ma&#660;a</i><br> 3SG: <i>kam &#596;n gam h&#596;&#772;r&#603; makk&#596;</i><br> 1PL.INCL: <i>en n&#596;n gam h&#596;&#772;r&#603; m&#603;&#660;&#603;n</i><br> 1PL.EXCL: <i>men n&#596;n gam k&#596;&#660;&#603; amen</i><br> 2PL: <i>&#596;n n&#596;n gam k&#596;&#660;&#603; m&#596;&#660;&#596;n</i><br> 3PL: <i>kam&#660;b&#603; gam k&#596;&#660;&#603; ma&#660;b&#603;</i>,"adn construction: NP/(PRO)&nbsp;P&nbsp;hoore&nbsp;POSS.PRO; the intensifier is linked to the head NP by some preposition: in some dialects this preposition is <i>gam</i> ('because of'; cf. the paradigm below), and in others <i>bee</i> ('with')<br> there is also a verbal middle voice with paradigms varying according to tense and mood distinctions<br> <i>tigi</i>: also means 'exactly'<br>alternative own: POSS.PRO&nbsp;halal",--,--
79,0,Hausa,HUA,Africa,"Afro-Asiatic, Chadic, West",Nigeria,NP/PRO&nbsp;kâi-LNK-POSS,probably ADN not with inanimates<br>AVE is possible with inanimates ('by itself'; cf. example 724),<i>kâi-</i>: 'head',"<i>kad'ai</i>: 'alone, only'",(PRO)&nbsp;dà&nbsp;kâi-LNK-POSS,kâi-LNK-POSS,%,NP-LNK&nbsp;kâi-LNK-POSS,"harr,&nbsp;koo",<table> <tr><td> <tr><td>1SG</td><td>kâinà</i><br> <tr><td>2SG</td><td><i>kânkà</i>(MASC)/<i>kânkì</i>(FEM)</td></tr> <tr><td>3SG</td><td><i>kânsà</i> (MASC)/<i>kântà</i>(FEM)</td></tr> <tr><td>1PL</td><td><i>kânmù</i></td></tr> <tr><td>2PL</td><td><i>kânkù</i></td></tr> <tr><td>3PL</td><td><i>kânsù</i></td></tr> </table>,"&lt;r&gt;: alveolar flap; &lt;rr&gt;: alveolar trill<br> LNK (bound linker): <i>-n-</i>; expresses adnominal relationship<br> IND.LNK (independent linker): <i>na/ta</i><br> paradigm of intensifiers:<br> <i>dà</i>: 'with'<br> own: also NP-LNK IND.LNK kâi-LNK-POSS (emphatic, 'very own')<br> scalar focus particle <i>koo</i>: often&nbsp;with&nbsp;negative&nbsp;polarity",--,--
80,0,Lingala,LIN,Africa,"Niger-Congo, Atlantic-Congo, Volta-Congo",Democratic Republic of Congo,PRO/NP&nbsp;m&#596;&#769;k&#596;&#769;,none,'one',"<i>mpenjá</i> (also 'even', 'indeed'); <i>bob&#603;&#769;l&#603;&#769;</i> ('alone')",PRO/NP&nbsp;m&#596;&#769;k&#596;&#769;,-mí-,%,NP&nbsp;m&#596;&#769;k&#596;&#769;,mpenjá,PRO + <i>m&#596;&#769;k&#596;&#769;</i>:<br> 1SG: <i> ngai m&#596;&#769;k&#596;&#769;</i><br> 2SG: <i>y&#596; m&#596;&#769;k&#596;&#769;</i><br> 3SG.ANIM: <i>yê m&#596;&#769;k&#596;&#769;</i><br> 3SG.INANIM: <i>yangó m&#596;&#769;k&#596;&#769;</i><br> 1PL: <i>bísó m&#596;&#769;k&#596;&#769;</i><br> 2PL: <i>bínó m&#596;&#769;k&#596;&#769;</i><br> 3PL.ANIM: <i>bangó m&#596;&#769;k&#596;&#769;</i><br> 3PL.INANIM: <i>yangó m&#596;&#769;k&#596;&#769;</i>,"<i>-mí-</i>: verbal reflexive, fully productive<br> both intensifiers (<i>m&#596;&#769;k&#596;&#769;</i> and <i>mpenjá</i>) are basically equivalent; according to Guthrie (1966), <i>mpenjá</i> is preferred in combination with reflexives and <i>m&#596;&#769;k&#596;&#769;</i> elsewhere (Guthrie 1966: 50)<br> scalar focus particle: also <i>atâ</i>",&lt;^&gt;: neutral + high tone (e.g. <i>yê</i> &#8793; <i>yeé</i>),--
81,0,Swahili,SWA,Africa,"Niger-Congo, Atlantic-Congo, Volta-Congo","Tanzania, Burundi, Kenya",PRO/NP&nbsp;NC-enyewe,none,"<i>-enye</i>: 'having, possessing'","<i>moyo wangu</i> ('soul my'), <i>nafsi yangu</i> ('soul my'); cf. Arabic <i>nafs-</i>",NC-enyewe,ji-,%,POSS.PRO&nbsp;+&nbsp;[PRO/NP&nbsp;+&nbsp;INT],hata,NULL,<i>ji-</i>: verbal reflexivization strategy<br> NC: nominal class marker<br> paradigm of <i>-enyewe</i> for NC1 (mainly human):<br> 1SG: <i>(mimi) mw-enyewe</i><br> 2SG: <i>(wewe) mw-enyewe</i><br> 3SG: <i>(yeye) mw-enyewe</i><br> 1PL: <i>(sisi) w-enyewe</i><br> 2PL: <i>(ninyi) w-enyewe</i><br> 3PL: <i>(wao) w-enyewe</i><br>,NULL,NULL
83,0,Xhosa,XOS,Africa,"Niger-Congo, Atlantic-Congo, Volta-Congo",South Africa,%,%,%,%,%,%,%,--,%,NULL,--,NULL,NULL
84,0,Pitjantjatjara,PJT,Australia/New Guinuea,"Australian, Pama-Nyungan, South-West",Australia,PRON-nku/NP-nku,%,%,free pronoun plus corresponding (non-reflexive) pronominal clitic,PRON-nku/NP-nku,PRON-nku/VERB-nku,%,%,%,reflexive markers <table> <tr><td>PERS</td><td>suffix</td></tr> <tr><td>1</td><td>-tju</td></tr> <tr><td>2</td><td>-nku</td></tr> <tr><td>3</td><td>-nku</td></tr> </table>,<The reflexive clitics <i>-tju/-nku</i> (cf. the paradigms below) adjoin to NPs/pronouns.,--,--
85,0,Amele,AMI,Australia/New Guinuea,"Trans-New-Guinea, Madang-Adelbert Range, Madang",Australia,(NP)&nbsp;PRON-dodoc,none,"<i>dodoc</i> might be a reduplicated form of the reciprocal marker <i>d-oco-b</i> (3SG.OBJ-DIFF.SBJ-3SG.SUBJ) (J. Roberts, p.c.)",%,%,PRON-dodoc,%,%,%,--,<i>dodoc</i> only attaches to personal pronouns; <br>DIFF.SBJ: different subject (switch-reference system),--,--
86,0,Koyraboro Senni,SON,Africa,"Nilo-Saharan, Songhai, Southern",Mali,hundey,none,"<i>hundi</i> ('breath, soul, life')","<i>da</i>: 'exactly' (emphatic particle stressing the precise referential or spatiotemporal correctness of the preceding constituent, Heath 1999: 265)",nda&nbsp;&#331;ga&nbsp;bo&#331;,&#331;ga&nbsp;(bo&#331;),%,%,baa,"subject personal pronouns (cf. Heath 1999b: 79):<br> 1SG: <i>ay</i><br> 2SG: <i>n, ni</i><br> 3SG: <i>a</i>(non-reflexive)<br> 3SG: <i>&#331;ga</i>(reflexive and logophoric)<br> 1PL: <i>it</i><br> 2PL: <i>war</i><br> 3PL: <i>i</i>(non-reflexive)<br> 3PL: <i>&#331;gey / &#331;gii</i>","in a local context (coreferential co-arguments), the compound reflexive is regularly used (<i>&#331;ga bo&#331;</i>); the light reflexive <i>&#331;ga</i> is chiefly used in long-distance bound contexts (coreference of clause- or sentence mates that are not co-arguments<br> both the intensifier and the reflexive derive from body-part nouns, but from different ones (<i>hundey</i>&lt; <i>hundi</i> 'breath, soul, life'; <i>bo&#331;</i>: 'head')<br> <i>nda</i>: 'with'<br> AVE is expressed as 'with + heavy reflexive'/'with x's head'<br> <i>hinne, hinna</i> also means 'alone, only, immediately'<br> alternative adv. exclusive intensifier: <i>hinne,&nbsp;hinna</i>",--,--
87,0,Chamorro,CJD,Australia/New Guinuea,"Austronesian, Malayo-Polynesian, Western Malayo-Polynesian","Guam, Northern Mariana Islands",%,%,%,%,n(a)&nbsp;maisa,n(a)&nbsp;maisa&nbsp;(optional),%,%,%,--,"there seems to be no semantic (near-)equivalent to intensifier constructions in Chamorro<br> reflexivity can also be signalled by simple pronouns, i.e. <i>na maisa</i> optionally precedes or follows the pronoun in reflexive-marking<br> <i>maisa</i> also means 'alone'<br> <i>na</i> is a linker used in attributive constructions",--,--
89,0,Georgian,GEO,"Europe, Caucasus","South Caucasian, Georgian","Georgia, Armenia, Azerbaijan, Iran, Kazakhstan, Kyrgyzstan, Russia (Asia), Tajikistan, Turkey (Asia), Turkmenistan, Ukraine",t(v)-it-on&nbsp;(NP/PRO),animate,<i>tav-</i>: 'head'; <i>-it</i>: instrumental marker; <i>-on</i>: ?,"<i>tv-it</i>, <i>tav-ad</i>",t(v)-it&nbsp;/&nbsp;t(v)-it-on/&nbsp;tav-ad,tav-CASE,%,tavi-GEN,%,NULL,<i>tav-</i>: 'head'; <i>-it</i>: instrumental;,NULL,NULL
90,0,Lavukaleve,LVK,Australia/New Guinuea,"East Papuan, Yele-Solomons-New Britain, Yele-Solomons","Russell Islands, northwest of Guadalcanal, central Solomons",no&nbsp;adnominal&nbsp;intensifier,%,%,%,POSS-muan,"POSS-muan,&nbsp;-a&nbsp;(verbal&nbsp;intransitiviser)",%,%,%,NULL,"reflexive constructions with POSS<i>-muan</i> are often avoided, and reflexivity is indicated by means of an intransivtiising suffix (<i>-a</i>).",NULL,NULL
91,0,Maricopa,MRC,North America,"Hokan, Esselen-Yuman, Yuman",USA,maatm,%,&lt; <i>iimaat</i> 'body',%,maatm,mat-V,%,maatm,%,NULL,--,NULL,NULL
92,0,Tagalog,TGL,Australia/New Guinuea,"Austronesian, Malayo-Polynesian, Western Malayo-Polynesian",Philippines,mismo-LNK&nbsp;NP<br> NP&nbsp;mismo,none,Spanish <i>mismo</i> (< Lat. <i>-met ipsimum</i>),%,"mismo,&nbsp;sarili",sarili&nbsp;PRO,%,sarili,kahit,--,"<i>sarili</i>: also 'individual'<br> the etymology of <i>sarili</i> is unclear<br> <i>sa</i> is a preposition, <i>ari</i> means 'property'",--,Maria Rosario Bonifacio-Migas
93,0,West Greenlandic,ESG,North America,"Eskimo-Aleut, Eskimo, Inuit",Greenland,nammineq,none,unknown,%,nammineq,immi-,%,nammineq,unknown,NULL,is <i>immi-</i> etymologically related to (contained in) <i>nammineq</i>?,NULL,NULL
94,0,Lezgian,LEZ,"Europe, Caucasus","North Caucasian, Northeast, Lezgian","Dagestan, Azerbaijan, Georgia, Kazakhstan, Kyrgyzstan, Turkey (Asia), Turkmenistan, Ukraine, Uzbekistan",wi&#269;-CASE,none,%,%,wi&#269;-ERG,wi&#269;-CASE,%,xsusi,-ni&nbsp;(kwaz),paradigm of <i>wi&#269;</i> <table> <tr><td>ABS: <i>wi&#269;</i></td></tr> <tr><td>ERG: <i>wi&#269;i</i></td></tr> <tr><td>GEN: <i>wi&#269;in</i></td></tr> <tr><td>INESS: <i>wi&#269;e</i></td></tr> </table>,"the suffix <i>-ni</i> is additive and has both a non-scalar ('also, too') and a scalar reading ('even')<br> the scalar reading can be made more explicit by adding the particle <i>kwaz</i>, which is originally a converb of the verb <i>kwa</i> 'be under/among' (cf. Haspelmath 1993: 237)",--,--
103,NULL,Canela,RAM,South America,"Macro-Ge, Ge-Kaingang, Ge",Brazil,%,%,%,%,%,amji,%,--,%,--,Reflexive <i>amji</i> is invariant,--,--
104,NULL,Ngiti,NIY,Africa,"Nilo-Saharan, Central Sudanic, East",Democratic Republic of Congo,1st/2nd&nbsp;person:&nbsp;PRON-t&#616;&#833;r&#596;&#768;<br> 3rd&nbsp;person:&nbsp;(NP)&nbsp;ANPH-,%,<i>t&#616;&#833;</i>: 'as'; <i>r&#596;&#768;</i>: 'away from',<i>nyu&#821;&#769;</i> (also 'very'),PRON/ANPH-t&#616;&#833;r&#596;&#768;,nd&#616;&#768;&nbsp;(3SG)<br> &#660;&#616;&#768;&nbsp;(3PL),%,%,mà,paradigm of PRON/ANPH-<i>t&#616;&#833;r&#596;&#768;</i><br> <table><tr><td> 1SG</td><td><i>ma-t&#616;&#833;r&#596;&#768;<i></td></tr> <tr><td>2SG</td><td><i>ny&#616;-t&#616;&#833;r&#596;&#768;</i></td></tr> <tr><td>3SG</td><td><i>nd&#616;&#768;-t&#616;&#833;r&#596;&#768;<i></td></tr> <tr><td>1PL.EXCL</td><td><i>ma&#780;-t&#616;&#833;r&#596;&#768;</i></td></tr> <tr><td>1PL.INCL</td><td><i>àl&#603&#780;-t&#616;&#833;r&#596;&#768;</i></td></tr> <tr><td>2PL</td><td><i>ny&#616;&#774;-t&#616;&#833;r&#596;&#768;</i></td></tr> <tr><td>3PL</td><td><i>&#660;&#616;&#774;-t&#616;&#833;r&#596;&#768;</i></td></tr> </table>,"the position of <i>PRON/ANPH-t&#616;&#833;r&#596;&#768;</i> seems to be considerably parallel to English, insofar as AVE is sentence-final and ADN is adjacent to its head NP (cf. Kutsch Lojenga 1994: 200)<br> the reflexive <i>nd&#616;&#768;-</i> is used only in the third person; in the first and second person the regular object pronouns are used (cf. German and other European languages that do not have specialized reflexive forms in the first and second person)<br> lexical source of reflexive <i>nd&#616;&#768;-</i>: 'skin'",&lt;&nbsp;&#780;&gt; indicates the low-mid tone,--
105,NULL,Ndyuka,DJK,Africa,"Creole, English based, Atlantic",Suriname,(NP)&nbsp;PRO&nbsp;seefi,%,< Engl. <i>self</i>,<i>soseefi</i>: 'also',PRO&nbsp;seefi,PRO&nbsp;seefi,%,(PRO/NP)&nbsp;seefi,seefi,paradigm of 'PRO <i>seefi </i>':<br> 1SG: <i>mi seefi</i><br> 2SG: <i>i seefi</i><br> 3SG: <i>en seefi</i><br> 1PL: <i>wi seefi</i><br> 2PL: <i>u seefi</i><br> 3PL: <i>den seefi</i>,"PRO: in the third person, the oblique pronoun (<i>en</i>, vs. the subject pronoun <i>a</i>) is used; in the first and second person there is no case distinction<br> <i>seefi</i> is obligatory in combination with a preceding unbound pronominal<br> <i>seefi</i> is invariant (cf. the paradigm below)<br> <i>seefi</i> is also used in a number of other functions, e.g. as an adjective of token identity ('the same', cf. ex. 780) and as an intensifying negative polarity item ('at all', 'whatsoever'; cf. ex. 654)<br> alternative lexical item meaning 'own': (PRO/NP) <i>éigi</i> (according to Huttar & Huttar 1994: 471, <i>eigi</i> is preferred over <i>seefi</i> by younger speakers)",--,--
106,NULL,Trumai,TPY,South America,Language Isolate,Brazil,%,%,%,%,falapetsi,a)&nbsp;pers.&nbsp;pronouns&nbsp;(1st/2nd)<br>b)&nbsp;argument&nbsp;suppression<br>c)&nbsp;falapetsi,%,%,%,NULL,"<i>falapetsi</i> is an intransitive verb and literally means 'do alone/by oneself, do (an action) without participants other than the agent(s)'<br> it can be used in conjunction with argument suppression to indicate reflexivity (see above).",NULL,NULL
107,0,Frisian,FRI,Europe,Germanic,Germany Netherlands,sels,none,%,%,sels,PRO&nbsp;(+&nbsp;sels),%,%,sels,--,--,--,--
108,0,Afrikaans,AFK,South Africa,Germanic,South Africa,PRO/NP&nbsp;self,none,< Proto-Germ. <i>*silba</i>,%,self,PRO&nbsp;(+&nbsp;self),%,eie,selfs,PRO + <i>self</i>:<br> 1SG: myself<br> 2SG.FAM: jouself<br> 2SG.POL: uself<br> 3SG.MASC: <i>homself</i><br> 3SG.FEM: <i>haarself</i><br> 3SG.NEUT: <i>homself</i><br> 1PL: <i>onsself</i><br> 2PL: <i>jul(le)self</i><br> 3PL: <i>hul(le)self</i>,"with typically self-directed verbs, the simple pronouns are used in reflexive contexts; <i>self</i> is gaining ground, and is becoming more obligatory with verbs denoting typically other-directed activities, acccording to Donaldson (1993: Section 8.20): ""The reflexivity of verbs and their use with or without the compound pronoun in <i>-self</i> is something that is in a state of flux in Afrikaans."" Among other things, this concerns ""the use of the compound form in <i>-self</i> whre historically it was not required or was even considered incorrect"" (Donaldson 1993: 291)",--,--
109,0,Flemish,VLA,Europe,Germanic,Netherlands,PRO/NP&nbsp;zelf/zelv-,none,< Proto-Germ. *<i>silba</i>,%,zelf/zelv-,zich&nbsp;(zelf/zelv-),%,%,zelfs,PRO + INT:<br> SG<br> NOM: <i>ik/gij/hij zelf</i><br> GEN: <i>mijns/uws/zijns zelf-s</i><br> DAT: <i>mij/u/hem zelv-en</i><br> ACC: <i>mij/u/hem zelv-en</i><br> PL<br> NOM: <i>wij/gij/zij zelv-en</i><br> GEN: <i>(van) ons/u/hen zelv-en</i><br> DAT: <i>ons/u/hun zelv-en</i><br> ACC: <i>ons/u/hen zelv-en</i>,"<i>zelv-</i> inflects for case (weak adjectival inflection); however, Verbeek (1917: 90) mentions that ""some writers use <i>zelf</i> as an invariant form, like German <i>selbst</i>""",--,--
